Price,Open,High,Low,Close,Volume,MA20
Ticker,TSLA,TSLA,TSLA,TSLA,TSLA,
Date,,,,,,
2024-01-02,250.0800018310547,251.25,244.41000366210938,248.4199981689453,104654200,
2024-01-03,244.97999572753906,245.67999267578125,236.32000732421875,238.4499969482422,121082600,
2024-01-04,239.25,242.6999969482422,237.72999572753906,237.92999267578125,102629300,
2024-01-05,236.86000061035156,240.1199951171875,234.89999389648438,237.49000549316406,92379400,
2024-01-08,236.13999938964844,241.25,235.3000030517578,240.4499969482422,85166600,
2024-01-09,238.11000061035156,238.9600067138672,232.0399932861328,234.9600067138672,96705700,
2024-01-10,235.10000610351562,235.5,231.2899932861328,233.94000244140625,91628500,
2024-01-11,230.57000732421875,230.92999267578125,225.3699951171875,227.22000122070312,105873600,
2024-01-12,220.0800018310547,225.33999633789062,217.14999389648438,218.88999938964844,122889000,
2024-01-16,215.10000610351562,223.49000549316406,212.17999267578125,219.91000366210938,115355000,
2024-01-17,214.86000061035156,215.6699981689453,212.00999450683594,215.5500030517578,103164400,
2024-01-18,216.8800048828125,217.4499969482422,208.74000549316406,211.8800048828125,108595400,
2024-01-19,209.99000549316406,213.19000244140625,207.55999755859375,212.19000244140625,102095800,
2024-01-22,212.25999450683594,217.8000030517578,206.27000427246094,208.8000030517578,117952500,
2024-01-23,211.3000030517578,215.64999389648438,207.75,209.13999938964844,106605900,
2024-01-24,211.8800048828125,212.72999572753906,206.77000427246094,207.8300018310547,123369900,
2024-01-25,189.6999969482422,193.0,180.05999755859375,182.6300048828125,198076800,
2024-01-26,185.5,186.77999877929688,182.10000610351562,183.25,107343200,
2024-01-29,185.6300048828125,191.47999572753906,183.6699981689453,190.92999267578125,125013100,
2024-01-30,195.3300018310547,196.36000061035156,190.61000061035156,191.58999633789062,109982300,217.57250061035157
2024-01-31,187.0,193.97000122070312,185.85000610351562,187.2899932861328,103221400,214.51600036621093
2024-02-01,188.5,189.8800048828125,184.27999877929688,188.86000061035156,91843300,212.0365005493164
2024-02-02,185.0399932861328,188.69000244140625,182.0,187.91000366210938,110505100,209.5355010986328
2024-02-05,184.25999450683594,184.67999267578125,175.00999450683594,181.05999755859375,134294400,206.7140007019043
2024-02-06,177.2100067138672,186.49000549316406,177.11000061035156,185.10000610351562,122676000,203.94650115966797
2024-02-07,188.17999267578125,189.7899932861328,182.67999267578125,187.5800018310547,111535200,201.57750091552734
2024-02-08,189.0,191.6199951171875,185.5800018310547,189.55999755859375,83034000,199.3585006713867
2024-02-09,190.17999267578125,194.1199951171875,189.47999572753906,193.57000732421875,84476300,197.6760009765625
2024-02-12,192.11000061035156,194.72999572753906,187.27999877929688,188.1300048828125,95498600,196.13800125122071
2024-02-13,183.99000549316406,187.25999450683594,182.11000061035156,184.02000427246094,86759500,194.34350128173827
2024-02-14,185.3000030517578,188.88999938964844,183.35000610351562,188.7100067138672,81203000,193.00150146484376
2024-02-15,189.16000366210938,200.8800048828125,188.86000061035156,200.4499969482422,120831800,192.43000106811525
2024-02-16,202.05999755859375,203.1699981689453,197.39999389648438,199.9499969482422,111173600,191.81800079345703
2024-02-20,196.1300048828125,198.60000610351562,189.1300048828125,193.75999450683594,104545800,191.06600036621094
2024-02-21,193.36000061035156,199.44000244140625,191.9499969482422,194.77000427246094,103844000,190.34750061035157
2024-02-22,194.0,198.32000732421875,191.36000061035156,197.41000366210938,92739500,189.8265007019043
2024-02-23,195.30999755859375,197.57000732421875,191.5,191.97000122070312,78841900,190.29350051879882
2024-02-26,192.2899932861328,201.77999877929688,192.0,199.39999389648438,111747100,191.10100021362305
2024-02-27,204.0399932861328,205.60000610351562,198.25999450683594,199.72999572753906,108645400,191.54100036621094
2024-02-28,200.4199981689453,205.3000030517578,198.44000244140625,202.0399932861328,99806200,192.06350021362306
2024-02-29,204.17999267578125,205.27999877929688,198.4499969482422,201.8800048828125,85907000,192.79300079345703
2024-03-01,200.52000427246094,204.52000427246094,198.5,202.63999938964844,82099200,193.48200073242188
2024-03-04,198.72999572753906,199.75,186.72000122070312,188.13999938964844,134334900,193.49350051879884
2024-03-05,183.0500030517578,184.58999633789062,177.57000732421875,180.74000549316406,119660800,193.47750091552734
2024-03-06,179.99000549316406,181.5800018310547,173.6999969482422,176.5399932861328,107920900,193.04950027465821
2024-03-07,174.35000610351562,180.0399932861328,173.6999969482422,178.64999389648438,102129000,192.60299987792968
2024-03-08,181.5,182.72999572753906,174.6999969482422,175.33999633789062,85315300,191.89199981689453
2024-03-11,175.4499969482422,182.8699951171875,174.8000030517578,177.77000427246094,85391500,191.10199966430665
2024-03-12,177.77000427246094,179.42999267578125,172.41000366210938,177.5399932861328,87391700,190.57249908447267
2024-03-13,173.0500030517578,176.0500030517578,169.14999389648438,169.47999572753906,106524500,189.84549865722656
2024-03-14,167.77000427246094,171.1699981689453,160.50999450683594,162.5,126325700,188.5349983215332
2024-03-15,163.16000366210938,165.17999267578125,160.75999450683594,163.57000732421875,96971900,186.69099884033204
2024-03-18,170.02000427246094,174.72000122070312,165.89999389648438,173.8000030517578,108214400,185.3834991455078
2024-03-19,172.36000061035156,172.82000732421875,167.4199981689453,171.32000732421875,77271400,184.26149978637696
2024-03-20,173.0,176.25,170.82000732421875,175.66000366210938,83846700,183.30599975585938
2024-03-21,176.38999938964844,178.17999267578125,171.8000030517578,172.82000732421875,73178000,182.07649993896484
2024-03-22,166.69000244140625,171.1999969482422,166.3000030517578,170.8300018310547,75454700,181.0194999694824
2024-03-25,168.75999450683594,175.24000549316406,168.72999572753906,172.6300048828125,74228600,179.68100051879884
2024-03-26,178.5800018310547,184.25,177.3800048828125,177.6699981689453,113186200,178.57800064086913
2024-03-27,181.41000366210938,181.91000366210938,176.0,179.8300018310547,81804000,177.46750106811524
2024-03-28,177.4499969482422,179.57000732421875,175.3000030517578,175.7899932861328,77654800,176.16300048828126
2024-04-01,176.1699981689453,176.75,170.2100067138672,175.22000122070312,81562100,174.792000579834
2024-04-02,164.75,167.69000244140625,163.42999267578125,166.6300048828125,116650600,173.71650085449218
2024-04-03,164.02000427246094,168.82000732421875,163.27999877929688,168.3800048828125,82950100,173.0985008239746
2024-04-04,170.07000732421875,177.19000244140625,168.00999450683594,171.11000061035156,123162000,172.82700119018554
2024-04-05,169.0800018310547,170.86000061035156,160.50999450683594,164.89999389648438,141250700,172.13950119018554
2024-04-08,169.33999633789062,174.5,167.7899932861328,172.97999572753906,104423300,172.02150115966796
2024-04-09,172.91000366210938,179.22000122070312,171.9199981689453,176.8800048828125,103232700,171.97700119018555
2024-04-10,173.0399932861328,174.92999267578125,170.00999450683594,171.75999450683594,84532400,171.6880012512207
2024-04-11,172.5500030517578,175.8800048828125,168.50999450683594,174.60000610351562,94516000,171.94400177001953
2024-04-12,172.33999633789062,173.80999755859375,170.36000061035156,171.0500030517578,64506600,172.37150192260742
2024-04-15,170.24000549316406,170.69000244140625,161.3800048828125,161.47999572753906,100245300,172.26700134277343
2024-04-16,156.74000549316406,158.19000244140625,153.75,157.11000061035156,97000000,171.43250122070313
2024-04-17,157.63999938964844,158.3300018310547,153.77999877929688,155.4499969482422,82439700,170.6390007019043
2024-04-18,151.25,152.1999969482422,148.6999969482422,149.92999267578125,96098800,169.35250015258788
2024-04-19,148.97000122070312,150.94000244140625,146.22000122070312,147.0500030517578,86005100,168.06399993896486
2024-04-22,140.55999755859375,144.44000244140625,138.8000030517578,142.0500030517578,107097600,166.625
2024-04-23,143.3300018310547,147.25999450683594,141.11000061035156,144.67999267578125,124545100,165.22749938964844
2024-04-24,162.83999633789062,167.97000122070312,157.50999450683594,162.1300048828125,181178000,164.45049972534179
2024-04-25,158.9600067138672,170.8800048828125,158.36000061035156,170.17999267578125,126427500,163.96799926757814
2024-04-26,168.85000610351562,172.1199951171875,166.3699951171875,168.2899932861328,109815700,163.59299926757814
2024-04-29,188.4199981689453,198.8699951171875,184.5399932861328,194.0500030517578,243869700,164.53449935913085
2024-04-30,186.97999572753906,190.9499969482422,182.83999633789062,183.27999877929688,127031800,165.36699905395508
2024-05-01,182.0,185.86000061035156,179.00999450683594,179.99000549316406,92829700,165.94749908447267
2024-05-02,182.86000061035156,184.60000610351562,176.02000427246094,180.00999450683594,89148000,166.3924987792969
2024-05-03,182.10000610351562,184.77999877929688,178.4199981689453,181.19000244140625,75491500,167.20699920654297
2024-05-06,183.8000030517578,187.55999755859375,182.1999969482422,184.75999450683594,84390300,167.7959991455078
2024-05-07,182.39999389648438,183.25999450683594,177.39999389648438,177.80999755859375,75045900,167.84249877929688
2024-05-08,171.58999633789062,176.05999755859375,170.14999389648438,174.72000122070312,79969500,167.99049911499023
2024-05-09,175.00999450683594,175.6199951171875,171.3699951171875,171.97000122070312,65950300,167.8589988708496
2024-05-10,173.0500030517578,173.05999755859375,167.75,168.47000122070312,72627200,167.72999877929686
2024-05-13,170.0,175.39999389648438,169.0,171.88999938964844,67018900,168.25049896240233
2024-05-14,174.5,179.49000549316406,174.07000732421875,177.5500030517578,86407400,169.27249908447266
2024-05-15,179.89999389648438,180.0,173.11000061035156,173.99000549316406,79663000,170.19949951171876
2024-05-16,174.10000610351562,175.7899932861328,171.42999267578125,174.83999633789062,59812200,171.44499969482422
2024-05-17,173.5500030517578,179.6300048828125,172.75,177.4600067138672,77445800,172.9654998779297
2024-05-20,177.55999755859375,177.75,173.52000427246094,174.9499969482422,61727400,174.6104995727539
2024-05-21,175.50999450683594,186.8800048828125,174.7100067138672,186.60000610351562,115266500,176.7065002441406
2024-05-22,182.85000610351562,183.8000030517578,178.1199951171875,180.11000061035156,88313500,177.6055000305176
2024-05-23,181.8000030517578,181.89999389648438,173.25999450683594,173.74000549316406,71975500,177.78350067138672
2024-05-24,174.83999633789062,180.0800018310547,173.72999572753906,179.24000549316406,65479700,178.33100128173828
2024-05-28,176.39999389648438,178.25,173.16000366210938,176.75,59736600,177.46600112915038
2024-05-29,174.19000244140625,178.14999389648438,173.92999267578125,176.19000244140625,54782600,177.11150131225585
2024-05-30,178.5800018310547,182.6699981689453,175.3800048828125,178.7899932861328,77784800,177.0515007019043
2024-05-31,178.5,180.32000732421875,173.82000732421875,178.0800018310547,67314600,176.95500106811522
2024-06-03,178.1300048828125,182.63999938964844,174.49000549316406,176.2899932861328,68568900,176.71000061035156
2024-06-04,174.77999877929688,177.75999450683594,174.0,174.77000427246094,60056300,176.21050109863282
2024-06-05,175.35000610351562,176.14999389648438,172.1300048828125,175.0,57953800,176.07000122070312
2024-06-06,174.60000610351562,179.72999572753906,172.72999572753906,177.94000244140625,69887000,176.2310012817383
2024-06-07,176.1300048828125,179.35000610351562,175.5800018310547,177.47999572753906,56244900,176.5065010070801
2024-06-10,176.05999755859375,178.57000732421875,173.1699981689453,173.7899932861328,50869700,176.77250061035156
2024-06-11,173.9199981689453,174.75,167.41000366210938,170.66000366210938,64761900,176.71100082397462
2024-06-12,171.1199951171875,180.5500030517578,169.8000030517578,177.2899932861328,90389400,176.69800033569337
2024-06-13,188.38999938964844,191.0800018310547,181.22999572753906,182.47000122070312,118984100,177.12200012207032
2024-06-14,185.8000030517578,186.0,176.9199981689453,178.00999450683594,82038200,177.28050003051757
2024-06-17,177.9199981689453,188.80999755859375,177.0,187.44000244140625,109786100,177.77949981689454
2024-06-18,186.55999755859375,187.1999969482422,182.3699951171875,184.86000061035156,68982300,178.275
2024-06-20,184.67999267578125,185.2100067138672,179.66000366210938,181.57000732421875,55893100,178.02350006103515
2024-06-21,182.3000030517578,183.9499969482422,180.69000244140625,183.00999450683594,63029500,178.1684997558594
2024-06-24,184.97000122070312,188.8000030517578,182.5500030517578,182.5800018310547,61992100,178.6104995727539
2024-06-25,184.39999389648438,187.97000122070312,182.00999450683594,187.35000610351562,63678300,179.0159996032715
2024-06-26,186.5399932861328,197.75999450683594,186.36000061035156,196.3699951171875,95737100,179.99699935913085
2024-06-27,195.1699981689453,198.72000122070312,194.0500030517578,197.4199981689453,72746500,181.05849914550782
2024-06-28,199.5500030517578,203.1999969482422,195.25999450683594,197.8800048828125,95438100,182.01299972534179
2024-07-01,201.02000427246094,213.22999572753906,200.85000610351562,209.86000061035156,135691400,183.60199966430665
2024-07-02,218.88999938964844,231.3000030517578,218.05999755859375,231.25999450683594,205047900,186.3504997253418
2024-07-03,234.55999755859375,248.35000610351562,234.25,246.38999938964844,166561500,189.93149948120117
2024-07-05,249.80999755859375,252.3699951171875,242.4600067138672,251.52000427246094,154501200,193.75749969482422
2024-07-08,247.7100067138672,259.44000244140625,244.57000732421875,252.94000244140625,157219600,197.50749969482422
2024-07-09,251.0,265.6099853515625,250.3000030517578,262.3299865722656,160210900,201.74999923706054
2024-07-10,262.79998779296875,267.5899963378906,257.8599853515625,263.260009765625,128519400,206.22350006103517
2024-07-11,263.29998779296875,271.0,239.64999389648438,241.02999877929688,221707300,209.74199981689452
2024-07-12,235.8000030517578,251.83999633789062,233.08999633789062,248.22999572753906,155955800,213.28899993896485
2024-07-15,255.97000122070312,265.6000061035156,251.72999572753906,252.63999938964844,146912900,216.7974998474121
2024-07-16,255.30999755859375,258.6199951171875,245.8000030517578,256.55999755859375,126332500,220.725
2024-07-17,252.72999572753906,258.4700012207031,246.17999267578125,248.5,115584800,223.7779998779297
2024-07-18,251.08999633789062,257.1400146484375,247.1999969482422,249.22999572753906,110869000,226.99649963378906
2024-07-19,247.7899932861328,249.44000244140625,236.8300018310547,239.1999969482422,87403900,229.87799911499025
2024-07-22,244.2100067138672,253.2100067138672,243.75,251.50999450683594,101225400,233.30299911499023
2024-07-23,253.60000610351562,255.75999450683594,245.6300048828125,246.3800048828125,111928200,236.4929992675781
2024-07-24,225.4199981689453,225.99000549316406,214.7100067138672,215.99000549316406,167942900,237.92499923706055
2024-07-25,216.8000030517578,226.0,216.22999572753906,220.25,100636500,239.11899948120117
2024-07-26,221.19000244140625,222.27999877929688,215.3300018310547,219.8000030517578,94604100,240.2379997253418
2024-07-29,224.89999389648438,234.27000427246094,224.6999969482422,232.10000610351562,129201800,241.94899978637696
2024-07-30,232.25,232.41000366210938,220.0,222.6199951171875,100560300,242.58699951171874
2024-07-31,227.89999389648438,234.67999267578125,226.7899932861328,232.07000732421875,67497000,242.62750015258788
2024-08-01,227.69000244140625,231.8699951171875,214.3300018310547,216.86000061035156,83861900,241.15100021362304
2024-08-02,214.8800048828125,216.1300048828125,205.77999877929688,207.6699981689453,82880100,238.95849990844727
2024-08-05,185.22000122070312,203.8800048828125,182.0,198.8800048828125,100308800,236.25550003051757
2024-08-06,200.75,202.89999389648438,192.6699981689453,200.63999938964844,73783900,233.1710006713867
2024-08-07,200.77000427246094,203.49000549316406,191.47999572753906,191.75999450683594,71159800,229.59599990844725
2024-08-08,195.6999969482422,200.6999969482422,192.0399932861328,198.83999633789062,65033900,227.48649978637695
2024-08-09,197.0500030517578,200.8800048828125,195.11000061035156,200.0,58648300,225.075
2024-08-12,199.02000427246094,199.25999450683594,194.6699981689453,197.49000549316406,64044900,222.31750030517577
2024-08-13,198.47000122070312,208.49000549316406,197.05999755859375,207.8300018310547,76247400,219.88100051879883
2024-08-14,207.38999938964844,208.44000244140625,198.75,201.3800048828125,70250000,217.52500076293944
2024-08-15,205.02000427246094,215.8800048828125,204.82000732421875,214.13999938964844,89848500,215.77050094604493
2024-08-16,211.14999389648438,219.8000030517578,210.8000030517578,216.1199951171875,88765100,214.6165008544922
2024-08-19,217.07000732421875,222.97999572753906,214.08999633789062,222.72000122070312,76435200,213.17700119018554
2024-08-20,224.8800048828125,228.22000122070312,219.55999755859375,221.10000610351562,74001200,211.9130012512207
2024-08-21,222.6699981689453,224.66000366210938,218.86000061035156,223.27000427246094,70146000,212.27700119018556
2024-08-22,223.82000732421875,224.8000030517578,210.32000732421875,210.66000366210938,79514500,211.79750137329103
2024-08-23,214.4600067138672,221.47999572753906,214.2100067138672,220.32000732421875,81525200,211.82350158691406
2024-08-26,218.75,219.08999633789062,211.00999450683594,213.2100067138672,59301200,210.87900161743164
2024-08-27,213.25,215.66000366210938,206.94000244140625,209.2100067138672,62821400,210.20850219726563
2024-08-28,209.72000122070312,211.83999633789062,202.58999633789062,205.75,64116400,208.8925018310547
2024-08-29,209.8000030517578,214.88999938964844,205.97000122070312,206.27999877929688,62308800,208.36350173950194
2024-08-30,208.6300048828125,214.57000732421875,207.02999877929688,214.11000061035156,63370600,208.68550186157228
2024-09-03,215.25999450683594,219.89999389648438,209.63999938964844,210.60000610351562,76714200,209.27150192260743
2024-09-04,210.58999633789062,222.22000122070312,210.57000732421875,219.41000366210938,80651800,210.21000213623046
2024-09-05,223.49000549316406,235.0,222.25,230.1699981689453,119355000,212.13050231933593
2024-09-06,232.60000610351562,233.60000610351562,210.50999450683594,210.72999572753906,112177000,212.72500228881836
2024-09-09,216.1999969482422,219.8699951171875,213.6699981689453,216.27000427246094,67443500,213.53850250244142
2024-09-10,220.07000732421875,226.39999389648438,218.63999938964844,226.1699981689453,78891100,214.97250213623047
2024-09-11,224.5500030517578,228.47000122070312,216.8000030517578,228.1300048828125,83548600,215.98750228881835
2024-09-12,224.66000366210938,231.4499969482422,223.8300018310547,229.80999755859375,72020000,217.40900192260742
2024-09-13,228.0,232.6699981689453,226.32000732421875,230.2899932861328,59515100,218.21650161743165
2024-09-16,229.3000030517578,229.9600067138672,223.52999877929688,226.77999877929688,54323000,218.7495018005371
2024-09-17,229.4499969482422,234.57000732421875,226.5500030517578,227.8699951171875,66761600,219.00700149536132
2024-09-18,230.08999633789062,235.67999267578125,226.8800048828125,227.1999969482422,78010200,219.31200103759767
2024-09-19,234.0,244.24000549316406,232.1300048828125,243.9199981689453,102694600,220.34450073242186
2024-09-20,241.52000427246094,243.99000549316406,235.9199981689453,238.25,99879100,221.7240005493164
2024-09-23,242.61000061035156,250.0,241.9199981689453,250.0,86927200,223.20800018310547
2024-09-24,254.0800018310547,257.19000244140625,249.0500030517578,254.27000427246094,88491000,225.26100006103516
2024-09-25,252.5399932861328,257.04998779296875,252.27999877929688,257.0199890136719,65034300,227.6514991760254
2024-09-26,260.6000061035156,261.75,251.52999877929688,254.22000122070312,67142200,230.07499923706055
2024-09-27,257.3800048828125,260.70001220703125,254.1199951171875,260.4599914550781,70988100,232.78399887084962
2024-09-30,259.0400085449219,264.8599853515625,255.77000427246094,261.6300048828125,80705700,235.15999908447264
2024-10-01,262.6700134277344,263.9800109863281,248.52999877929688,258.0199890136719,87397600,237.53099822998047
2024-10-02,247.5500030517578,251.16000366210938,241.5,249.02000427246094,93983900,239.01149826049806
2024-10-03,244.47999572753906,249.7899932861328,237.80999755859375,240.66000366210938,80729200,239.53599853515624
2024-10-04,246.69000244140625,250.9600067138672,244.5800018310547,250.0800018310547,86573200,241.50349884033204
2024-10-07,249.0,249.8300018310547,240.6999969482422,240.8300018310547,68113300,242.73149871826172
2024-10-08,243.55999755859375,246.2100067138672,240.55999755859375,244.5,56303200,243.64799880981445
2024-10-09,243.82000732421875,247.42999267578125,239.50999450683594,241.0500030517578,66289500,244.29399871826172
2024-10-10,241.80999755859375,242.7899932861328,232.33999633789062,238.77000427246094,83087100,244.74199905395508
2024-10-11,220.1300048828125,223.33999633789062,214.3800048828125,217.8000030517578,142628900,244.11749954223632
2024-10-14,220.1300048828125,221.91000366210938,213.74000549316406,219.16000366210938,86291900,243.73649978637695
2024-10-15,220.00999450683594,224.25999450683594,217.1199951171875,219.57000732421875,62988800,243.3215003967285
2024-10-16,221.39999389648438,222.82000732421875,218.92999267578125,221.3300018310547,49632800,243.02800064086915
2024-10-17,221.58999633789062,222.0800018310547,217.89999389648438,220.88999938964844,50791800,241.8765007019043
2024-10-18,220.7100067138672,222.27999877929688,219.22999572753906,220.6999969482422,49611900,240.9990005493164
2024-10-21,218.89999389648438,220.47999572753906,215.72999572753906,218.85000610351562,47329000,239.44150085449218
2024-10-22,217.30999755859375,218.22000122070312,215.25999450683594,217.97000122070312,43268700,237.6265007019043
2024-10-23,217.1300048828125,218.72000122070312,212.11000061035156,213.64999389648438,80938900,235.45800094604493
2024-10-24,244.67999267578125,262.1199951171875,242.64999389648438,260.4800109863281,204491900,235.77100143432617
2024-10-25,256.010009765625,269.489990234375,255.32000732421875,269.19000244140625,161611900,236.20750198364257
2024-10-28,270.0,273.5400085449219,262.239990234375,262.510009765625,107653600,236.2515022277832
2024-10-29,264.510009765625,264.9800109863281,255.50999450683594,259.5199890136719,80521800,236.3265022277832
2024-10-30,258.0400085449219,263.3500061035156,255.82000732421875,257.54998779296875,53993600,236.75300140380858
2024-10-31,257.989990234375,259.75,249.25,249.85000610351562,66575300,237.2125015258789
2024-11-01,252.0399932861328,254.0,246.6300048828125,248.97999572753906,57544800,237.15750122070312
2024-11-04,244.55999755859375,248.89999389648438,238.8800048828125,242.83999633789062,68802400,237.25800094604492
2024-11-05,247.33999633789062,255.27999877929688,246.2100067138672,251.44000244140625,69282500,237.60500106811523
2024-11-06,284.6700134277344,289.5899963378906,275.6199951171875,288.5299987792969,165228700,239.9790008544922
2024-11-07,288.8900146484375,299.75,285.5199890136719,296.9100036621094,117309200,242.8860008239746
2024-11-08,299.1400146484375,328.7099914550781,297.6600036621094,321.2200012207031,204782800,248.05700073242187
2024-11-11,346.29998779296875,358.6400146484375,336.0,350.0,210521600,254.5990005493164
2024-11-12,342.739990234375,345.8399963378906,323.30999755859375,328.489990234375,155726000,260.04499969482424
2024-11-13,335.8500061035156,344.6000061035156,322.5,330.239990234375,125405600,265.49049911499026
2024-11-14,327.69000244140625,329.9800109863281,310.3699951171875,311.17999267578125,120726100,270.0049987792969
2024-11-15,310.57000732421875,324.67999267578125,309.2200012207031,320.7200012207031,114440300,275.0059989929199
2024-11-18,340.7300109863281,348.54998779296875,330.010009765625,338.739990234375,126547500,281.00049819946287
2024-11-19,335.760009765625,347.3800048828125,332.75,346.0,88852500,287.40199813842776
2024-11-20,345.0,346.6000061035156,334.29998779296875,342.0299987792969,66340700,293.82099838256835
2024-11-21,343.80999755859375,347.989990234375,335.2799987792969,339.6400146484375,58011700,297.7789985656738
2024-11-22,341.0899963378906,361.5299987792969,337.70001220703125,352.55999755859375,89140700,301.9474983215332
2024-11-25,360.1400146484375,361.92999267578125,338.20001220703125,338.5899963378906,95890900,305.75149765014646
2024-11-26,341.0,346.9599914550781,335.6600036621094,338.2300109863281,62295900,309.6869987487793
2024-11-27,341.79998779296875,342.54998779296875,326.5899963378906,332.8900146484375,57896400,313.45400009155276
2024-11-29,336.0799865722656,345.45001220703125,334.6499938964844,345.1600036621094,37167600,318.2194999694824
2024-12-02,352.3800048828125,360.0,351.1499938964844,357.0899963378906,77986500,323.625
2024-12-03,351.79998779296875,355.69000244140625,348.20001220703125,351.4200134277344,58267200,329.0540008544922
2024-12-04,353.0,358.1000061035156,348.6000061035156,357.92999267578125,50810900,334.3785003662109
2024-12-05,359.8699951171875,375.42999267578125,359.5,369.489990234375,81403600,338.42649993896487
2024-12-06,377.4200134277344,389.489990234375,370.79998779296875,389.2200012207031,81455800,343.04199981689453
2024-12-09,397.6099853515625,404.79998779296875,378.010009765625,389.7900085449219,96359200,346.47050018310546
2024-12-10,392.67999267578125,409.7300109863281,390.8500061035156,400.989990234375,97563600,349.0199996948242
2024-12-11,409.70001220703125,424.8800048828125,402.3800048828125,424.7699890136719,104287600,353.83399963378906
2024-12-12,424.8399963378906,429.29998779296875,415.0,418.1000061035156,87752200,358.2270004272461
2024-12-13,420.0,436.29998779296875,415.7099914550781,436.2300109863281,89000200,364.47950134277346
2024-12-16,441.0899963378906,463.19000244140625,436.1499938964844,463.0199890136719,114083800,371.59450073242186
2024-12-17,475.8999938964844,483.989990234375,457.510009765625,479.8599853515625,131223000,378.65050048828124
2024-12-18,466.5,488.5400085449219,427.010009765625,440.1300048828125,149340800,383.35700073242185
2024-12-19,451.8800048828125,456.3599853515625,420.0199890136719,436.1700134277344,118566100,388.0640014648437
2024-12-20,425.510009765625,447.0799865722656,417.6400146484375,421.05999755859375,132216200,392.13500061035154
2024-12-23,431.0,434.510009765625,415.4100036621094,430.6000061035156,72698100,396.03700103759763
2024-12-24,435.8999938964844,462.7799987792969,435.1400146484375,462.2799987792969,59551800,402.221501159668
2024-12-26,465.1600036621094,465.3299865722656,451.0199890136719,454.1300048828125,76366400,408.01650085449216
2024-12-27,449.5199890136719,450.0,426.5,431.6600036621094,82666800,412.95500030517576
2024-12-30,419.3999938964844,427.0,415.75,417.4100036621094,64941000,416.56750030517577
2024-12-31,423.7900085449219,427.92999267578125,402.5400085449219,403.8399963378906,76825100,418.9050003051758
2025-01-02,390.1000061035156,392.7300109863281,373.0400085449219,379.2799987792969,109710700,420.2979995727539
2025-01-03,381.4800109863281,411.8800048828125,379.45001220703125,410.44000244140625,95423300,422.92350006103516
2025-01-06,423.20001220703125,426.42999267578125,401.70001220703125,411.04998779296875,85516500,425.00149993896486
2025-01-07,405.8299865722656,414.3299865722656,390.0,394.3599853515625,75699500,425.2584991455078
2025-01-08,392.95001220703125,402.5,387.3999938964844,394.94000244140625,73038800,425.51599884033203
2025-01-10,391.3999938964844,399.2799987792969,377.2900085449219,394.739990234375,62287300,425.20349884033203
2025-01-13,383.2099914550781,403.7900085449219,380.07000732421875,403.30999755859375,67580500,424.1304992675781
2025-01-14,414.3399963378906,422.6400146484375,394.5400085449219,396.3599853515625,84565000,423.04349822998046
2025-01-15,409.8999938964844,429.79998779296875,405.6600036621094,428.2200012207031,81375500,422.6429977416992
2025-01-16,423.489990234375,424.0,409.1300048828125,413.82000732421875,68335200,420.18299865722656
2025-01-17,421.5,439.739990234375,419.75,426.5,94991400,417.51499938964844
2025-01-21,432.6400146484375,433.20001220703125,406.30999755859375,424.07000732421875,87320900,416.7119995117188
2025-01-22,416.80999755859375,428.0,414.5899963378906,415.1099853515625,60963300,415.6589981079102
2025-01-23,416.05999755859375,420.7300109863281,408.95001220703125,412.3800048828125,50690600,415.2249984741211
2025-01-24,414.45001220703125,418.8800048828125,405.7799987792969,406.5799865722656,56427100,414.0239974975586
2025-01-27,394.79998779296875,406.69000244140625,389.0,397.1499938964844,58125500,410.76749725341796
2025-01-28,396.9100036621094,400.5899963378906,386.5,398.0899963378906,48910700,407.9654968261719
2025-01-29,395.2099914550781,398.5899963378906,384.4800109863281,389.1000061035156,68033600,405.8374969482422
2025-01-30,410.7799987792969,412.5,384.4100036621094,400.2799987792969,98092900,404.9809967041016
2025-01-31,401.5299987792969,419.989990234375,401.3399963378906,404.6000061035156,83568200,405.0189971923828
2025-02-03,386.67999267578125,389.1700134277344,374.3599853515625,383.67999267578125,93732100,405.238996887207
2025-02-04,382.6300048828125,394.0,381.3999938964844,392.2099914550781,57072200,404.32749633789064
2025-02-05,387.510009765625,388.3900146484375,375.5299987792969,378.1700134277344,57223300,402.6834976196289
2025-02-06,373.0299987792969,375.3999938964844,363.17999267578125,374.32000732421875,77918200,401.6814987182617
2025-02-07,370.19000244140625,380.54998779296875,360.3399963378906,361.6199951171875,70298300,400.01549835205077
2025-02-10,356.2099914550781,362.70001220703125,350.510009765625,350.7300109863281,77514900,397.81499938964845
2025-02-11,345.79998779296875,349.3699951171875,325.1000061035156,328.5,118543400,394.0744995117187
2025-02-12,329.94000244140625,346.3999938964844,329.1199951171875,336.510009765625,105382700,391.0820007324219
2025-02-13,345.0,358.69000244140625,342.8500061035156,355.94000244140625,89441500,387.468000793457
2025-02-14,360.6199951171875,362.0,347.5,355.8399963378906,68277300,384.5690002441406
2025-02-18,355.010009765625,359.1000061035156,350.0199890136719,354.1099853515625,51631700,380.9494995117187
2025-02-19,354.0,367.3399963378906,353.6700134277344,360.55999755859375,67094400,377.7739990234375
2025-02-20,361.510009765625,362.29998779296875,348.0,354.3999938964844,45965400,374.7384994506836
2025-02-21,353.44000244140625,354.9800109863281,334.4200134277344,337.79998779296875,74058600,371.0094985961914
2025-02-24,338.1400146484375,342.3999938964844,324.70001220703125,330.5299987792969,76052300,367.20699920654295
2025-02-25,327.0199890136719,328.8900146484375,297.25,302.79998779296875,134228800,362.4894989013672
2025-02-26,303.7099914550781,309.0,288.0400085449219,290.79998779296875,100118300,357.12499847412107
2025-02-27,291.1600036621094,297.2300109863281,280.8800048828125,281.95001220703125,101748200,351.7674987792969
2025-02-28,279.5,293.8800048828125,273.6000061035156,292.9800109863281,115697000,346.4024993896484
2025-03-03,300.3399963378906,303.94000244140625,277.29998779296875,284.6499938964844,115551400,340.4049987792969
2025-03-04,270.92999267578125,284.3500061035156,261.8399963378906,272.0400085449219,126706600,334.82299957275393
2025-03-05,272.9200134277344,279.54998779296875,267.7099914550781,279.1000061035156,94042900,329.1675003051758
2025-03-06,272.05999755859375,272.6499938964844,260.0199890136719,263.45001220703125,98451600,323.43150024414064
2025-03-07,259.32000732421875,266.25,250.72999572753906,262.6700134277344,102369600,317.84900054931643
2025-03-10,252.5399932861328,253.3699951171875,220.0,222.14999389648438,189076900,310.87550048828126
2025-03-11,225.30999755859375,237.05999755859375,217.02000427246094,230.5800018310547,174896400,304.8680000305176
2025-03-12,247.22000122070312,251.83999633789062,241.10000610351562,248.08999633789062,142215700,300.8474998474121
2025-03-13,248.1300048828125,248.2899932861328,232.60000610351562,240.67999267578125,114813500,296.0559989929199
2025-03-14,247.30999755859375,251.5800018310547,240.72999572753906,249.97999572753906,100242300,290.75799865722655
2025-03-17,245.05999755859375,245.39999389648438,232.8000030517578,238.00999450683594,111900600,284.86649856567385
2025-03-18,228.16000366210938,230.10000610351562,222.27999877929688,225.30999755859375,111477600,278.4264991760254
2025-03-19,231.61000061035156,241.41000366210938,229.1999969482422,235.86000061035156,111993800,272.1914993286133
2025-03-20,233.35000610351562,238.0,230.0500030517578,236.25999450683594,99028300,266.28449935913085
2025-03-21,234.99000549316406,249.52000427246094,234.5500030517578,248.7100067138672,132728700,261.83000030517576
2025-03-24,258.0799865722656,278.6400146484375,256.3299865722656,278.3900146484375,169079900,259.22300109863284
2025-03-25,283.6000061035156,288.20001220703125,271.2799987792969,288.1400146484375,150361500,258.49000244140626
2025-03-26,282.6600036621094,284.8999938964844,266.510009765625,272.05999755859375,153629800,257.5530029296875
2025-03-27,272.4800109863281,291.8500061035156,271.82000732421875,273.1300048828125,162572100,257.11200256347655
2025-03-28,275.5799865722656,276.1000061035156,260.57000732421875,263.54998779296875,123809400,255.6405014038086
2025-03-31,249.30999755859375,260.55999755859375,243.36000061035156,259.1600036621094,134008900,254.36600189208986
2025-04-01,263.79998779296875,277.45001220703125,259.25,268.4599914550781,146486900,254.18700103759767
2025-04-02,254.60000610351562,284.989990234375,251.27000427246094,282.760009765625,212787800,254.37000122070313
2025-04-03,265.2900085449219,276.29998779296875,261.510009765625,267.2799987792969,136174300,254.5615005493164
2025-04-04,255.3800048828125,261.0,236.0,239.42999267578125,181229400,253.39949951171874
2025-04-07,223.77999877929688,252.0,214.25,233.2899932861328,183453800,253.95649948120118
2025-04-08,245.0,250.44000244140625,217.8000030517578,221.86000061035156,171603500,253.520499420166
2025-04-09,224.69000244140625,274.69000244140625,223.8800048828125,272.20001220703125,219433400,254.72600021362305
2025-04-10,260.0,262.489990234375,239.3300018310547,252.39999389648438,181722600,255.3120002746582
2025-04-11,251.83999633789062,257.739990234375,241.36000061035156,252.30999755859375,128948100,255.42850036621093
2025-04-14,258.3599853515625,261.79998779296875,245.92999267578125,252.35000610351562,100135200,256.14550094604493
2025-04-15,249.91000366210938,258.75,247.5399932861328,254.11000061035156,79594300,257.5855010986328
2025-04-16,247.61000061035156,251.97000122070312,233.88999938964844,241.5500030517578,112378700,257.8700012207031
2025-04-17,243.47000122070312,244.33999633789062,237.67999267578125,241.3699951171875,83404800,258.1255012512207
2025-04-21,230.25999450683594,232.2100067138672,222.7899932861328,227.5,97768000,257.0650009155273
2025-04-22,230.9600067138672,242.7899932861328,229.85000610351562,237.97000122070312,120858500,255.04400024414062
2025-04-23,254.86000061035156,259.45001220703125,244.42999267578125,250.74000549316406,150381900,253.17399978637695
2025-04-24,250.5,259.5400085449219,249.1999969482422,259.510009765625,94464200,252.5465003967285
2025-04-25,261.69000244140625,286.8500061035156,259.6300048828125,284.95001220703125,167560700,253.13750076293945
2025-04-28,288.9800109863281,294.8599853515625,272.4200134277344,285.8800048828125,151731800,254.25400161743164
2025-04-29,285.5,293.32000732421875,279.4700012207031,292.0299987792969,108906600,255.89750137329102
2025-04-30,279.8999938964844,284.45001220703125,270.7799987792969,282.1600036621094,128961100,256.5825019836426
2025-05-01,280.010009765625,290.8699951171875,279.80999755859375,280.5199890136719,99659000,256.4705009460449
2025-05-02,284.8999938964844,294.7799987792969,279.80999755859375,287.2099914550781,114454700,257.467000579834
2025-05-05,284.57000732421875,284.8500061035156,274.3999938964844,280.260009765625,94618900,259.50850143432615
2025-05-06,273.1099853515625,277.7300109863281,271.3500061035156,275.3500061035156,76715800,261.6115020751953
2025-05-07,276.8800048828125,277.9200134277344,271.0,276.2200012207031,71592600,264.3295021057129
2025-05-08,279.6300048828125,289.79998779296875,279.4100036621094,284.82000732421875,97539400,264.96050186157225
2025-05-09,290.2099914550781,307.0400085449219,290.0,298.260009765625,132387800,267.2535026550293
2025-05-12,321.989990234375,322.2099914550781,311.5,318.3800048828125,112826700,270.55700302124023
2025-05-13,320.0,337.5899963378906,316.79998779296875,334.07000732421875,136992600,274.6430030822754
2025-05-14,342.5,350.0,337.0,347.67999267578125,136997300,279.3215026855469
2025-05-15,340.3399963378906,346.1400146484375,334.7200012207031,342.82000732421875,97882600,284.38500289916993
2025-05-16,346.239990234375,351.6199951171875,342.3299865722656,349.9800109863281,95895700,289.815503692627
2025-05-19,336.29998779296875,343.0,333.3699951171875,342.0899963378906,88869900,295.5450035095215
2025-05-20,347.8699951171875,354.989990234375,341.6300048828125,343.82000732421875,131715500,300.83750381469724
2025-05-21,344.42999267578125,347.3500061035156,332.20001220703125,334.6199951171875,102354800,305.03150329589846
2025-05-22,331.8999938964844,347.2699890136719,331.3900146484375,341.0400085449219,97113400,309.1080032348633
2025-05-23,337.9200134277344,343.17999267578125,333.2099914550781,339.3399963378906,84654800,311.82750244140624
2025-05-27,347.3500061035156,363.7900085449219,347.32000732421875,362.8900146484375,120146400,315.6780029296875
2025-05-28,364.8399963378906,365.0,355.9100036621094,356.8999938964844,91404300,318.9215026855469
2025-05-29,365.2900085449219,367.7099914550781,356.0,358.42999267578125,88545700,322.7350021362305
2025-05-30,355.5199890136719,363.67999267578125,345.2900085449219,346.4599914550781,123474900,326.0320022583008
2025-06-02,343.5,348.0199890136719,333.3299865722656,342.69000244140625,81873800,328.8060028076172
2025-06-03,346.6000061035156,355.3999938964844,343.0400085449219,344.2699890136719,99324500,332.00650177001955
2025-06-04,345.1000061035156,345.6000061035156,327.3299865722656,332.04998779296875,98125700,334.8415008544922
